scientific_name,count
Platanus acerifolia,217762
Lagerstroemia indica,207061
Acer platanoides,198951
Gleditsia triacanthos,167242
Pyrus calleryana,159981
Fraxinus pennsylvanica,156922
Acer rubrum,140917
Liquidambar styraciflua,111483
Tilia cordata,106723
Quercus virginiana,104183
Quercus palustris,87739
Washingtonia robusta,85603
Magnolia grandiflora,82141
Prunus,81404
Zelkova serrata,71691
Celtis occidentalis,69579
Acer saccharum,67768
Acer saccharinum,66265
Ginkgo biloba,59189
Pistacia chinensis,57554
Ulmus americana,55180
Malus,52858
Ulmus parvifolia,52483
Fraxinus americana,51929
Quercus rubra,49900
Tilia americana,46290
Prunus cerasifera,42314
Cinnamomum camphora,37752
Ficus microcarpa,37435
Acer freemanii,37375
Syagrus romanzoffianum,36198
Cupaniopsis anacardioides,33796
Cercis canadensis,33204
Ulmus pumila,33072
Fraxinus velutina,31960
Cupressus sempervirens,31340
Pinus canariensis,29753
Ulmus,29476
Quercus bicolor,28561
Fraxinus,26421
Pinus,25654
Jacaranda acutifolia,24716
Quercus phellos,23951
Acer,23140
Styphnolobium japonicum,21729
Lophostemon confertus,21453
Pyrus kawakamii,20943
Tilia,20868
Eucalyptus,20538
Taxodium distichum,20265
Syringa reticulata,19272
Quercus agrifolia,19151
Picea pungens,19108
Liriodendron tulipifera,18254
Platanus racemosa,17374
Quercus macrocarpa,16815
Phoenix canariensis,16609
Quercus,16580
Crataegus,16115
Pittosporum undulatum,15983
Morus alba,15729
Prunus serrulata,15580
Pyrus,15447
Platanus occidentalis,15251
Pinus nigra,15156
Koelreuteria paniculata,15142
Jacaranda mimosifolia,14932
Acer palmatum,14771
Ceratonia siliqua,14730
Gymnocladus dioicus,14693
Ligustrum lucidum,14674
Eucalyptus globulus,14423
Robinia pseudoacacia,14219
Triadica sebifera,13884
Quercus laurifolia,13633
Quercus shumardii,13262
Podocarpus gracilior,13082
Sabal palmetto,12920
Quercus ilex,12862
Quercus nigra,12822
Acer campestre,12804
Quercus alba,12135
Unassigned,12042
Tilia tomentosa,11974
Metrosideros excelsa,11949
Tristaniopsis laurina,11906
Fraxinus uhdei,11893
Cornus,11760
Celtis sinensis,11360
Schinus molle,11177
Malus sylvestris,10900
Arecastrum romanzoffianum,10840
Schinus terebinthifolius,10825
Washingtonia filifera,10800
Pinus taeda,10761
Carya illinoinensis,10660
Koelreuteria bipinnata,10549
Quercus coccinea,10401
Sequoia sempervirens,10387
Nyssa sylvatica,10380
Pinus ponderosa,10380
Brachychiton populneus,10301
Olea europaea,10156
Juniperus virginiana,10153
Betula pendula,10082
Pinus halepensis,10045
Prunus virginiana,9914
Pinus brutia,9760
Quercus robur,9542
Ailanthus altissima,9413
Pinus strobus,9294
Amelanchier,9260
Pinus elliottii,9252
Callistemon citrinus,9224
Nerium oleander,8953
Prunus L.,8926
Quercus lobata,8665
Ulmus crassifolia,8664
Cornus florida,8644
Betula nigra,8634
Fraxinus angustifolia,8130
Quercus acutissima,8126
Acer ginnala,8116
Populus deltoides,8039
Catalpa speciosa,8027
Magnolia,8010
Juglans nigra,7990
Carpinus betulus,7914
Cedrus deodara,7843
Juniperus chinensis,7835
Picea abies,7715
Betula,7649
Ficus benjamina,7548
Lagerstroemia,7259
Geijera parviflora,7248
Acacia melanoxylon,7115
Acer buergerianum,7102
Carpinus caroliniana,7077
Acer negundo,7007
Morus,7006
Acer griseum,6758
Prunus serotina,6724
Pseudotsuga menziesii,6617
Acer truncatum,6483
Syagrus romanzoffiana,6441
Populus,6369
Thuja occidentalis,6172
Prunus caroliniana,6151
Cercis,6027
Arbutus,6020
Callistemon lanceolatus,5815
Pinus sylvestris,5761
Cercidiphyllum japonicum,5759
Archontophoenix cunninghamiana,5720
Eucalyptus polyanthemos,5469
Schinus terebinthifolia,5284
Prunus persica,5210
Juniperus,5145
Acer pseudoplatanus,5126
Eucalyptus sideroxylon,5090
Podocarpus macrophyllus,5050
Melaleuca quinquenervia,5031
Parrotia persica,4997
Metasequoia glyptostroboides,4981
Tristania conferta,4962
Aesculus hippocastanum,4952
Pinus radiata,4922
Ilex attenuata,4914
Maytenus boaria,4910
Tristaniopsis Brongn.,4884
Crataegus laevigata,4881
Rhus lancea,4842
Ligustrum japonicum,4769
Albizia julibrissin,4704
Ficus,4704
Acer macrophyllum,4545
Pinus pinea,4516
Picea,4488
Eucalyptus camaldulensis,4485
Prunus yedoensis,4481
Carpinus,4467
Acer tataricum,4459
Magnolia virginiana,4431
Cornus kousa,4380
Chitalpa tashkentensis,4340
Trachycarpus fortunei,4340
Populus tremuloides,4314
Eriobotrya japonica,4303
Salix,4251
Eucalyptus maculata,4240
Prunus blireiana,4198
Eriobotrya deflexa,4162
Corymbia ficifolia,4122
Styrax,4106
Quercus lyrata,4093
Melaleuca,4058
Yucca gloriosa,4029
Alnus rhombifolia,3956
Quercus geminata,3918
Populus sargentii,3786
Quercus suber,3776
Juglans californica,3740
Callistemon viminalis,3726
Liquidambar,3723
Fraxinus oxycarpa,3693
Ostrya virginiana,3624
Quercus nuttallii,3560
Crataegus phaenopyrum,3533
Quercus imbricaria,3528
Picea glauca,3519
Juniperus scopulorum,3502
Eucalyptus rudis,3485
Phoenix dactylifera,3467
Quercus muehlenbergii,3385
Grevillea robusta,3371
Maackia amurensis,3309
Malus domestica,3220
Amelanchier grandiflora,3168
Melia azedarach,3140
Thuja plicata,3093
Myoporum laetum,3075
Cladrastis lutea,3047
Quercus velutina,3024
Syzygium paniculatum,3003
Ilex,2993
Thuja,2965
Chionanthus retusus,2961
Styrax japonicus,2933
Sophora japonica,2933
Catalpa,2914
Ulmus rubra,2866
Yucca,2861
Juglans,2767
Citrus,2754
Amelanchier arborea,2749
Pinus thunbergiana,2717
Ilex opaca,2714
Pinus edulis,2695
Quercus stellata,2681
Acacia,2626
Crataegus crus-galli,2501
Eucalyptus citriodora,2500
Cassia leptophylla,2480
Cordyline australis,2480
Laurus nobilis,2465
Ulmus carpinifolia,2453
Juglans regia,2436
Cornus mas,2429
Eucalyptus ficifolia,2426
Eucommia ulmoides,2400
Cedrus,2358
Phoenix roebelenii,2339
Melaleuca citrina,2338
Prunus subhirtella,2322
Photinia fraseri,2316
Tilia euchlora,2280
Cocos nucifera,2269
Cladrastis kentukea,2239
Aesculus carnea,2213
Aesculus,2209
Amelanchier laevis,2190
Vitex agnus-castus,2176
Malus tschonoskii,2147
Myoporum,2129
Citrus sinensis,2125
Acer miyabei,2124
Aesculus glabra,2106
Betula papyrifera,2102
Agonis flexuosa,2049
Persea americana,2045
Calocedrus decurrens,2028
Magnolia soulangeana,2025
Adonidia merrillii,1984
Arbutus unedo,1951
Cupressus macrocarpa,1929
Platanus,1929
Carya ovata,1907
Prunus domestica,1900
Nyssa,1876
Ilex vomitoria,1854
Cupressocyparis leylandii,1851
Prunus armeniaca,1841
Fagus grandifolia,1840
Acacia stenophylla,1810
Fraxinus holotricha,1803
Casuarina cunninghamiana,1801
Tipuana tipu,1793
Pittosporum crassifolium,1793
Chamaecyparis,1790
Phellodendron amurense,1775
Pinus eldarica,1708
Corylus colurna,1706
Eucalyptus cladocalyx,1683
Ficus retusa,1678
Fagus sylvatica,1665
Crataegus crusgalli,1662
Malus Mill.,1652
Pinus resinosa,1645
Rhamnus cathartica,1643
Populus nigra,1639
Magnolia soulangiana,1629
Fraxinus excelsior,1625
Chilopsis linearis,1619
Afrocarpus gracilior,1612
Ficus nitida,1609
Casuarina equisetifolia,1583
Chamaerops humilis,1518
Hymenosporum flavum,1515
Elaeagnus angustifolia,1510
Platycladus orientalis,1510
Archontophoenix,1495
Prunus laurocerasus,1474
Quercus ellipsoidalis,1472
Bauhinia purpurea,1447
Salix babylonica,1437
Celtis laevigata,1436
Callistemon,1424
Prunus pissardii,1402
Acacia baileyana,1398
Clerodendrum,1395
Morus rubra,1394
Melaleuca linariifolia,1390
Liquidambar L.,1388
Quercus falcata,1387
Rhamnus purshiana,1366
Lagerstroemia L.,1362
Pittosporum rhombifolium,1357
Ficus carica,1344
Araucaria heterophylla,1338
Olea,1336
Prunus sargentii,1315
Acer nigrum,1304
Chorisia speciosa,1299
Prosopis chilensis,1289
Syringa,1289
Fagus,1273
Eucalyptus robusta,1265
Tsuga canadensis,1259
Xylosma congestum,1255
Pinus mugo,1233
Juglans hindsii,1231
Populus hybrid,1224
Populus acuminata,1215
Sorbus,1214
Robinia ambigua,1198
Myrica cerifera,1179
Ficus rubiginosa,1173
Ilex cassine,1168
Harpephyllum caffrum,1159
Diospyros virginiana,1156
Sapium sebiferum,1153
Sorbus aucuparia,1150
Salix nigra,1147
Citrus limon,1141
Lagunaria patersonii,1140
Brahea edulis,1128
TipuanaÃƒâ€šÃ‚Â tipu,1119
Crataegus monogyna,1116
Pyrus communis,1111
Ulmus alata,1111
Ficus macrophylla,1105
Dodonaea viscosa,1097
Pittosporum tobira,1089
Tabebuia avellanedae,1088
Brachychiton,1088
Erythrina,1080
Abies concolor,1077
Hibiscus syriacus,1075
Crataegus viridis,1057
Maclura pomifera,1054
Stewartia pseudocamellia,1053
Prunus avium,1044
Alnus cordata,1030
Tabebuia heterophylla,1017
Acer L.,999
Betula utilis,986
Melaleuca viminalis,983
Crataegus lavallei,978
Cassia nealiae,977
Amelanchier canadensis,959
Prosopis glandulosa,941
Quercus texana,937
Prunus amygdalus,925
Albizia saman,923
Abies,918
Tabebuia impetiginosa,914
Syzygium australe,911
Cercis occidentalis,907
Araucaria excelsa,906
Malus floribunda,896
Gleditsia,883
Acer circinatum,881
Cupressus,858
Taxodium ascendens,848
Bauhinia variegata,843
Populus alba,840
Sassafras albidum,827
Ulmus japonica,823
Fraxinus nigra,811
Rhaphiolepis Lindl.,808
Ilex cornuta,806
Erythrina caffra,801
Carpinus japonica,797
Roystonea regia,783
Corymbia citriodora,772
Eugenia myrtifolia,764
Vachellia farnesiana,750
Acer grandidentatum,742
Ficus elastica,741
Leptospermum scoparium,739
Populus fremontii,729
Acacia longifolia,727
Cycas revoluta,723
Pinus torreyana,717
Cotinus coggygria,711
Catalpa bignonioides,703
Alnus,702
Salix amygdaloides,696
Bauhinia blakeana,680
Wodyetia bifurcata,673
Handroanthus impetiginosus,661
Cornus nuttallii,659
Rhamnus alaternus,658
Ulmus propinqua,655
Eucalyptus leucoxylon,654
Prosopis velutina,650
Juniperus silicicola,649
Syringa pekinensis,648
Cedrus atlantica,641
Livistona chinensis,641
Salix fragilis,636
Chionanthus virginicus,634
Solanum rantonnetii,625
Quercus prinus,612
Prunus salicina,608
Rhus typhina,606
Tabebuia chrysotricha,605
Calodendrum capense,598
Malus ioensis,598
Quercus fusiformis,590
Fraxinus berlandieriana,587
Melaleuca styphelioides,584
Carya,581
Ceiba speciosa,579
Thuja orientalis,578
Eucalyptus nicholii,578
Ilex aquifolium,577
Parkinsonia,572
Conocarpus erectus,570
Prunus mexicana,568
Carya glabra,568
Celtis L.,567
Magnolia stellata,561
Osmanthus fragrans,558
Quercus michauxii,555
Cupressus leylandii,550
Populus angustifolia,548
Machaerium tipu,541
Magnolia acuminata,534
Lyonothamnus floribundus,533
Prunus lyonii,533
Sequoiadendron giganteum,532
Celtis australis,531
Tristania laurina,529
Cotinus,526
Pinus thunbergii,525
Liquidambar orientalis,512
Leptospermum laevigatum,510
Alnus rubra,507
Taxus,506
Paulownia tomentosa,505
Prunus pendula,497
Alnus glutinosa,496
Syzygium cumini,494
Quercus marilandica,494
Quercus gambellii,492
Brachychiton acerifolius,489
Corylus,482
Eucalyptus viminalis,477
Cornus drummondii,474
Heteromeles arbutifolia,474
Pinus virginiana,473
Acacia decurrens,469
Betula alba,464
Chamaecyparis lawsoniana,447
Musa,446
Halesia carolina,445
Arbutus menziesii,442
Taxus baccata,442
Melaleuca nesophila,434
Pinus palustris,431
Malus transitoria,430
Laburnum,429
Pinus flexilis,423
Prunus americana,421
Pinus monticola,415
Oxydendrum arboreum,414
Arecaceae,413
Cornus alternifolia,409
Halesia diptera,404
Bursera simaruba,404
Elaeocarpus decipiens,401
Punica granatum,400
Celtis,396
Parkinsonia aculeata,394
Ulmus procera,390
Tilia platyphyllos,388
Eucalyptus cinerea,388
Ulmus glabra,387
Cupressus glabra,384
Magnolia kobus,381
Rhaphiolepis,381
Populus balsamifera,380
Dypsis lutescens,380
Pinus contorta,379
Robinia,378
Rhamnus,378
Prunus ilicifolia,374
Stenocarpus sinuatus,373
Araucaria columnaris,368
Acacia confusa,366
Butia capitata,365
Chamaecyparis thyoides,362
Diospyros kaki,361
Ilex L.,361
Celtis reticulata,361
Umbellularia californica,356
Broussonetia papyrifera,352
Aesculus flava,352
Hibiscus,351
Chamaecyparis pisifera,351
Handroanthus chrysotrichus,348
Pittosporum tenuifolium,347
Parkinsonia florida,345
Quercus buckleyi,345
Feijoa sellowiana,344
Bucida buceras,342
Cordia sebestena,339
Delonix regia,337
Salix matsudana,336
Prunus pumila,335
Platanus orientalis,333
Ceanothus,331
Cupressus arizonica,330
Aesculus arnoldiana,325
Trachycarpus,325
Pinus strobiformis,324
Ostrya,318
Euphorbia tirucalli,311
Castanea mollissima,311
Aesculus Octandra,311
Quercus montana,310
Podocarpus henkelii,301
Corymbia maculata,301
Melaleuca ericifolia,298
Pittosporum phillyraeoides,294
Prunus armenica,294
Tabebuia berteroi,293
Coccoloba uvifera,293
Pinus aristata,291
Pinus echinata,291
Castanea,290
Prunus cerasus,289
Quercus pagoda,286
Asimina triloba,279
Filicium decipiens,279
Carya cordiformis,278
Diospyros,278
Cryptomeria japonica,276
Koelreuteria elegans,276
Quercus frainetto,276
Chionanthus,269
Sapindus saponaria,268
Ilex decidua,268
Plumeria,265
Pritchardia pacifica,265
Tsuga heterophylla,264
Fraxinus quadrangulata,262
Handroanthus avellanedae,260
Syringa vulgaris,260
Bauhinia,259
Juniperus monosperma,259
Crataegus ambigua,257
Laurus L.,252
Crataegus mollis,252
Malus pumila,247
Picea omorika,247
Populus canadensis,247
Cassia fistula,246
Acer leucoderme,245
Sophora secundiflora,245
Callistemon R.,243
Afrocarpus,242
Ficus Rding,240
Rhaphiolepis indica,240
Cercis reniformis,239
Eucalyptus L.,239
Aesculus pavia,239
Brachychiton populneum,238
Magnolia doltsopa,236
Ulmus davidiana,233
Styphnolobium affine,233
Pyrus ussuriensis,232
Crataegus L.,232
Platanus mexicana,231
Quercus warei,230
Pinus heldreichii,230
Salix alba,229
Prunus dulcis,227
Cassine orientalis,227
Acacia aneura,225
Gingko biloba,224
Laburnum anagyroides,222
Ligustrum ovalifolium,220
Citrus paradisi,220
Chrysophyllum oliviforme,218
Hamamelis virginiana,217
Magnolia loebneri,217
Sorbus americana,213
Abies balsamea,213
Phoenix reclinata,211
Chamaecyparis obtusa,210
Sophora,209
Strelitzia nicolai,209
Malus angustifolia,208
Sambucus caerulea,207
Quercus pagodifolia,207
Pittosporum viridiflorum,207
Eucalyptus lehmannii,205
Larix laricina,205
Ligustrum,204
Salix lasiolepis,204
Pittosporum eugenioides,204
Yucca elephantipes,201
Senna surattensis,200
Sorbus thuringiaca,199
Carya tomentosa,199
Tsuga,195
Liquidambar formosana,194
Thespesia populnea,194
Rhus,193
Cordia subcordata,193
Prunus padus,190
Zelkova,190
Abies fraseri,187
Quercus douglasii,187
Sideroxylon lanuginosum,185
Spathodea campanulata,181
Malus moerlandsii,180
Schefflera actinophylla,179
Pterocarpus dalbergioides,177
Ulmus wilsoniana,176
Geijera Schott,175
Calophyllum inophyllum,171
Callistemon pallidus,171
Magnolia liliflora,170
Aesculus californica,170
Fraxinus ornus,168
Chamaecyparis nootkatensis,168
Senegalia greggii,167
Thrinax radiata,167
Cornus racemosa,166
Cotoneaster,165
Acer paxii,165
Viburnum,165
Lagerstroemia fauriei,164
Pinus roxburghii,163
Larix,163
Araucaria araucana,162
Prunus incam,159
Tree,159
Ravenea rivularis,159
Aleurites moluccanus,159
Libocedrus decurrens,158
Juglans cinerea,157
Fagus grandiflora,156
Larix decidua,155
Melaleuca L.,154
Dalbergia sissoo,154
Ilex paraguariensis,153
Erythrina coralloides,152
Eucalyptus tereticornis,152
Swietenia mahagoni,150
Acacia pendula,149
Phoenix sylvestris,148
Heptacodium miconioides,147
Populus grandidentata,146
Eucalyptus microtheca,146
Leucaena leucocephala,145
Prunus serrula,145
Betula populifolia,142
Ceanothus L.,142
Clusia rosea,138
Not,138
Casimiroa edulis,138
Cecropia palmata,138
Ficus lyrata,136
Tamarix aphylla,136
Pinus glabra,133
Eucalyptus torquata,133
Acer glabrum,133
Xylosma,132
Malus zumi,132
Prunus maackii,131
Psidium guajava,131
Cotinus obovatus,131
Laburnum watereri,131
Metasequoia,130
Populus trichocarpa,130
Catalpa hybrida,130
Carya pecan,127
Acer japonicum,127
Fraxinus pennsylvanica 'Patmore',126
Quercus laevis,125
Erythrina crista-galli,125
Pyrus pyrifolia,124
Pyrus L.,124
Firmiana simplex,122
Betula jacquemontii,122
Corylus avellana,120
Rhus glabra,120
Ficus benghalensis,120
Lagerstroemia speciosa,119
Brahea armata,119
Tsuga mertensiana,117
Dracaena draco,116
Pinus banksiana,116
Aronia arbutifolia,115
Callicarpa americana,115
Arbutus L.,113
Picea engelmannii,112
Viburnum odoratissimum,112
Quercus incana,112
Fraxinus texensis,112
Roystonea,112
Schefflera,111
Koelreuteria Laxm.,111
Sorbus alnifolia,109
Musa paradisiaca,108
Caryota urens,107
Salix discolor,105
Castanea dentata,105
Stewartia,105
Abies homolepis,104
Prunus angustifolia,104
Quercus polymorpha,102
Eucalyptus grandis,101
Acacia auriculiformis,99
Halesia Ellis,99
Cascabela thevetia,98
Platanus wrightii,98
Crateagus,98
Stewartia monadelpha,98
Brugmansia,97
Handroanthus Mattos,97
Juniperus californica,97
Betula occidentalis,97
Hibiscus rosa-sinensis,96
Hakea suaveolens,96
Ilex altaclarensis,96
Styrax obassia,96
Cocculus laurifolius,95
Carica papaya,94
Ziziphus jujuba,94
Prunus emarginata,93
Euonymus,93
Fraxinus latifolia,93
Citharexylum spinosum,93
Pinus rigida,92
Citrus reticulata,92
Acoelorrhaphe wrightii,91
Gymnocladus dioica,91
Photinia,91
Brassaia actinophylla,91
Alnus hirsuta,91
Parkinsonia praecox,90
Cryptomeria,89
Cercis chinensis,89
Acer pensylvanicum,89
Alnus japonica,88
Tamarix ramosissima,87
Eucalyptus melliodora,87
Hydrangea,87
Davidia involucrata,86
Tournefortia argentea,86
Brachychiton discolor,84
Magnolia champaca,84
Tabebuia aurea,84
Cedrus libani,84
Quercus garryana,84
Acacia dealbata,83
Heritiera littoralis,82
Dypsis decaryi,82
Euonymus alatus,82
Fraxinus albicans,82
Unidentified,82
Tilia flavescens,82
Coccoloba diversifolia,81
Carya aquatica,81
Acer barbatum,81
Betula alleghaniensis,81
Casuarina stricta,80
Rhus laurina,80
Pinus muricata,80
Halesia,79
Juniperus sabina,79
Rhizophora mangle,79
Viburnum prunifolium,79
Macadamia integrifolia,79
Harpullia pendula,78
Pyracantha,78
Auranticarpa rhombifolia,78
Mangifera indica,77
Dracaena australis,76
Quercus georgiana,76
Sambucus,75
Sapindus,75
Catalpa longissima,74
Annona glabra,74
Lonicera,74
Myrcianthes fragrans,73
Prosopis pallida,73
Fraxinus profunda,72
Euonymus europaeus,71
Schinus polygamus,70
Roseodendron donnell-smithii,70
Persea borbonia,70
Morella cerifera,70
Phoenix rupicola,69
Sapindus drummondii,69
Pinus sabiniana,69
Pittosporum,69
Quercus kelloggii,68
Aesculus parviflora,68
Eucalyptus erythrocorys,68
Castanea sativa,67
Tilia mongolica,67
Loropetalum chinense,67
Abies grandis,66
Magnolia liliiflora,66
Quercus hemisphaerica,65
Olea europea,65
Casuarina,65
Carya laciniosa,64
Caragana arborescens,64
Prunus lusitanica,64
Frangula alnus,64
Rhus copallinum,63
Conus aurora,63
Corylus cornuta,62
Juniperus communis,62
Viburnum L.,62
Cerocarpus,62
Retama,62
Franklinia alatamaha,62
Betula lenta,62
Podocarpus,61
Eucalyptus pulverulenta,61
Shepherdia argentea,60
Viburnum rufidulum,60
Prunus mume,60
Camellia japonica,59
Psidium cattleianum,59
Eucalyptus calophylla,58
Quercus ellipsoidea,58
Leucaena glauca,58
Tilia europaea,58
Pritchardia,58
Pyrus salicifolia,58
Murraya paniculata,57
Tupidanthus calyptratus,57
Viburnum nudum,56
Paulownia kawakamii,56
Lycianthes rantonnetii,56
Tibouchina urvilleana,56
Pyracantha coccinea,56
Crataegus douglasii,56
Guaiacum officinale,56
Rhus aromatica,56
Myrtus communis,55
Gleditsia tricanthus,55
Tilia L.,55
Cydonia oblonga,55
Populus tremula,54
Trithrinax acanthocoma,54
Picea mariana,54
Abies procera,53
Styrax americanus,53
Erythrina lysistemon,53
Crataegus mordenensis,52
Ligustrum sinense,52
Ulmus hollandica,52
Plumeria rubra,52
Juniperus chinensis 'Torulosa',52
Peltophorum pterocarpum,52
Livistona,51
Zanthoxylum clava-herculis,51
Citrus aurantifolia,51
Viburnum japonicum,51
Tetradium daniellii,50
Sambucus mexicana,50
Kalmia latifolia,50
Citrus L.,50
Rhododendron sp.,49
Ulmus hybrid,48
Acacia saligna,48
Lantana horrida,48
Pinus patula,47
Acer triflorum,47
Quillaja saponaria,47
Hyophorbe lagenicaulis,47
Cinnamomum glanduliferum,47
Cinnamomum burmannii,47
Quercus schuettei,47
Juglans L.,47
Fortunella margarita,46
Azara,45
Sorbus hybrida,45
Noronhia emarginata,45
Bismarckia nobilis,44
Cornus nuttalli,44
Quercus chrysolepis,44
Tabebuia,44
Nyssa aquatica,43
Pinus cembra,43
Howea forsteriana,43
Pistacia L.,43
Olmediella betschleriana,43
Terminalia catappa,43
Tilia heterophylla,43
Carya illinoensis,43
Rhus copallinum var. latifolia,43
Betula platyphylla,42
Salix commutata,42
Araucaria,42
Pittosporum Gaertn.,41
Melia L.,41
Dodonaea Mill.,41
Sorbus aria,41
Photinia serrulata,41
Sambucus nigra,41
Halesia tetraptera,40
Dracaena,40
Ungnadia speciosa,40
Phellodendron sachalinense,40
Eugenia uniflora,40
Acacia cognata,40
Erythrina humeana,39
Pandanus tectorius,39
Taxodium mucronatum,39
Prunus nigra,39
Alnus tenuifolia,39
Nicotiana glauca,39
Ilex verticillata,39
Prumnopitys andina,39
Handroanthus ochraceus,39
Archontophoenix alexandrae,38
Pinus densiflora,38
Magnolia tripetala,37
Azara microphylla,37
Quercus bebbiana,37
Hibiscus tilliaceus,37
Psidium littorale,37
Serenoa repens,36
Caryota mitis,36
Sphaeropteris cooperi,36
Podocarpus nagi,36
Aesculus L.,36
Albizia lebbeck,36
Oxydendron arboreum,35
Pimenta dioica,35
Prunus pensylvanica,35
Musa acuminata,35
Picea meyeri,35
Acer davidii,35
Bambusa,35
Magnolia macrophylla,34
Quercus engelmannii,34
Parkinsonia microphylla,34
Eugenia,34
Cupressus nevadensis,33
Camellia,33
Beaucarnea recurvata,33
Araucaria bidwillii,33
Cotoneaster lacteus,33
Vitex lucens,32
Pseudopanax crassifolius,32
Bauhinia forficata,32
Yucca brevifolia,32
Tilia sp.,32
Markhamia lutea,32
Chionanthus chinensis,31
Picea orientalis,31
Hamamelis,31
Viburnum plicatum,31
Ulmus thomasii,31
Pinus clausa,31
Frangula caroliniana,31
Yucca recurvifolia,31
Pterocarya,31
Hamamelis intermedia,30
Viburnum tinus,30
Cotinus Mill.,30
Cupressus forbesii,30
Acacia longissima,30
Gleditsia tricanthos,29
Sambucus neomexicana,29
Camellia sasanqua,29
Albizia distachya,28
Ficus citrifolia,28
Phoenix,28
Forsythia,28
Arctostaphylos manzanita,28
Eucalyptus parvifolia,27
Morella carolinensis,27
Cornus controversa,27
Catalpa ovata,27
Ebenopsis ebano,26
Amelanchier alnifolia,26
Buxus sempervirens,26
Bougainvillea,26
Wilsoniana,26
Cornus amomum,26
Pinus coulteri,26
Pistacia atlantica,25
Fagraea berteroana,25
Larix sibirica,25
Quercus cerris,25
Thevetia peruviana,25
Photinia Lindl.,25
Piscidia piscipula,25
Quercus undulata,25
Magnolia denudata,24
Cercis siliquastrum,24
Ptychosperma macarthurii,24
Eucalyptus L.,24
Brachychiton rupestris,24
Gardenia taitensis,24
Aesculus xcarnea,24
Pinus jeffreyi,24
Ravenala madagascariensis,24
Acer cappadocicum,23
Persea indica,23
Prosopis alba,23
Fraxinus mandshurica,23
Albizia,23
Roseodendron chryseum,23
Salix sepulcralis,23
Plumeria obtusa,23
Bischofia,22
Acmena smithii,22
Fremontodendron,22
Diospyros texana,22
Syagrus,22
Lysiloma sabicu,22
Schotia brachypetala,22
Viburnum opulus,21
Euonymus japonicus,21
Prunus glandulosa,21
Cassia tomentosa,21
Buddleja davidii,21
Sciadopitys verticillata,21
Acacia cultriformis,21
Malus sargentii,21
Acca sellowiana,21
Persea Mill.,21
Radermachera sinica,21
Casasia clusiifolia,21
Grevillea,20
Mahonia trifoliolata,20
Cunninghamia lanceolata,20
Dicksonia antarctica,20
Quercus berberidifolia,20
Carya texana,20
Laurus,20
Macadamia ternifolia,20
Pinus bungeana,20
Rhus ovata,20
Ensete ventricosum,20
Poncirus trifoliata,20
Cassia corymbosa,19
Cassia,19
Cussonia spicata,19
Caesalpinia gilliesii,19
Callistemon rigidus,19
Rhus copallina,19
Cupressocyparis,19
Acacia koa,19
Ficus laureola,19
Populus L.,19
Ficus mysorensis,18
Quercus laceyi,18
Mimusops caffra,18
Morus nigra,18
Mespilus,18
Escallonia exoniensis,18
Ehretia anacua,18
Nandina domestica,18
Hippophae rhamnoides,18
Brahea brandegeei,18
Cornus officinalis,18
Acoelorraphe wrightii,18
Sorbus tianschanica,18
Ulmus thomasi,18
Catalpa Scop.,18
Cassia grandis,18
Taxus cuspidata,18
Ilex crenata,17
Ostrea caroliniana,17
Ceanothus gloriosus,17
Thuja standishii,17
Eucalyptus incrassata,17
Tecoma stans,17
Jatropha integerrima,17
Aralia,17
Nyssa ogeche,17
Juniperus ashei,17
Syringa meyeri,17
Populus fremonti,17
Pistacia vera,17
Prunus campanulata,17
Acer capillipes,17
Acer oblongum,16
Annona cherimola,16
Elaeagnus,16
Yucca aloifolia,16
Acacia cyclops,16
Cassia javanica,16
Wisteria sinensis,16
Citrus aurantium,16
Jubaea chilensis,16
Pinus serotina,16
Sabal mexicana,16
Juniperus osteosperma,16
Picea rubens,16
Camellia reticulata,16
Hamamelis vernalis,16
Hesperocyparis macrocarpa,16
Kigelia africana,16
Sorbus intermedia,15
Cornus sericea,15
Physocarpus opulifolius,15
Pinus wallichiana,15
Vachellia constricta,15
Sideroxylon tenax,15
Bauhania,15
Albizia lophantha,15
Citrus meyeri,15
Prunnus yedoensis,15
Quercus dumosa,15
Alnus incana,15
Quercus wislizeni,15
Prunus subcordata,15
Pithecellobium dulce,15
Senna bicapsularis,15
Pieris japonica,15
Duranta repens,15
Hesperocyparis arizonica,15
Callitris glaucophylla,15
Salix laevigata,14
Stewartia rostrata,14
Phellodendron,14
Ptelea,14
Rosa,14
Tibouchina,14
Taxus canadensis,14
Abelia grandiflora,14
Manihot esculenta,14
Cupressus nootkatensis,14
Ligustrum confusum,14
Juniperus oxycedrus,14
Cornus rutgersensis,14
Cercidium floridum,14
Metrosideros polymorpha,14
Eucalyptus lansdowneana,14
Malus fusca,14
Acer floridanum,14
Sambucus canadensis,13
Eucalyptus pauciflora,13
Ficus religiosa,13
Paulownia fortunei,13
Caesalpinia pulcherrima,13
Salix scouleriana,13
Viburnum lentago,13
Ilex glabra,13
Baccharis halimifolia,13
Afrocarpus falcatus,13
Abies nordmanniana,13
Lyonothamnus asplenifolius,13
Rhopalostylis baueri,13
Salix pendulina,13
Corylus americana,13
Sycoparrotia P.,12
Ptelea trifoliata,12
Pyracantha M.Roem.,12
Robinia neomexicana,12
Michelia alba,12
Tamarindus indica,12
Holodiscus discolor,12
Cornus alba,12
Leucaena retusa,12
Corymbia calophylla,11
Albizia amara,11
Tricuspidaria dependens,11
Acacia subporosa,11
Sorbus quercifolia,11
Cinnamomum japonicum,11
Melaleuca armillaris,11
Markhamia hildebrandtii,11
Callitropsis arizonica,11
Ligustrum vulgare,11
Aralia spinosa,11
Tilia petiolaris,11
Griselinia littoralis,11
Prosopis pubescens,11
Hakea laurina,11
Abies borisii-regis,11
Lysiloma,11
Taxus brevifolia,11
Baccharis pilularis,11
Adansonia digitata,11
Jatropha,11
Pterocarya fraxinifolia,11
Salix pentandra,11
Quercus dentata,11
Morus microphylla,11
Salix hookeriana,11
Dypsis cabadae,11
Moringa oleifera,11
Mimosa,11
Quercus durandii,11
Wisteria,11
Sideroxylon foetidissimum,11
Dracaena marginata,11
Condalia hookeri,10
Parkinsonia texana,10
Paulownia,10
Leptospermum petersonii,10
Morinda citrifolia,10
Eugenia axillaris,10
Quercus prinoides,10
Aronia Medik.,10
Quercus ilicifolia,10
Eucalyptus spathulata,10
Xanthoceras sorbifolium,10
Enterolobium cyclocarpum,10
Althaea officinalis,10
Solanum macranthum,10
Myrica californica,10
Sorbus L.,10
Tamarix,10
Aloe barberae,10
Hydrangea paniculata,10
Fagus americana,10
Pinus parviflora,10
Eucalyptus cornuta,10
Quercus saulii,10
Salix gooddingii,10
Livistona decora,10
Eucalyptus rhodantha,10
Ulmus chenmoui,10
Salix caprea,10
Chiranthodendron pentadactylon,10
Vitex,10
Quercus macdanielii,9
Ulmus laevis,9
Polyalthia longifolia,9
Leucophyllum frutescens,9
Leptospermum,9
Elaeagnus umbellata,9
Ternstroemia japonica,9
Escallonia,9
Corylus maxima,9
Simarouba amara,9
Calliandra haematocephala,9
Fremontodendron californicum,9
Dodecatheon,9
Staphylea trifolia,9
Ficus sp.,9
Bismarckia,9
Nothofagus antarctica,9
Viburnum suspensum,9
Picea sitchensis,9
Pinus balfouriana,9
Adenanthera pavonina,9
Michelia champaca,9
Cotoneaster Medik.,8
Artocarpus altilis,8
Prunus pennsylvanica,8
Fraxinus caroliniana,8
Fraxinus tomentosa,8
Tillia,8
Nothofagus,8
Thujopsis dolobrata,8
Euphorbia fulgens,8
Lithocarpus densiflorus,8
Chionanthus virginica,8
New York,8
Vernicia fordii,8
Abies pinsapo,8
Pistacia texana,8
Cotoneaster multiflorus,8
Schefflera arboricola,8
Ulmus minor,8
Michelia doltsopa,8
Sesbania drummondii,8
Macaranga tanarius,8
Pandanus,8
Acrocarpus fraxinifolius,8
Crataegus oxyacantha,8
Eucalyptus platypus,8
Solanum L.,8
Coccothrinax,8
Pyracantha fortuneana,8
Veitchia merrillii,7
Larix kaempferi,7
Roystonea oleracea,7
Araucaria cunninghamii,7
Physocarpus capitatus,7
Aesculus sylvatica,7
Cyathea cooperi,7
Hovenia dulcis,7
Prosopis,7
Buxus microphylla,7
Viburnum obovatum,7
Ginko biloba,7
Ficus forstenii,7
Sambucus racemosa,7
Euonymus atropurpureus,7
Parrotia,7
Solanum ellipticum,7
Enterolobium contortisiliquum,7
Ceanothus thyrsiflorus,7
Gardenia brighamii,7
Dalbergia latifolia,7
Pinus montana,7
Livistona nitida,7
Rhamnus caroliniana,7
Ricinus communis,7
Magnolia brooklynensis,7
Magnolia ashei,7
Magnolia alba,7
Andira inermis,7
Abies amabilis,7
Forsythia intermedia,6
Cordia boissieri,6
Malus baccata,6
Zelkova sinica,6
Talipariti,6
Hernandia nymphaeifolia,6
Bombax ceiba,6
Pinus pinaster,6
Searsia lancea,6
Lyonia ferruginea,6
Garrya elliptica,6
Celtis lindheimeri,6
Rhus lanceolata,6
Lumnitzera racemosa,6
Abies veitchii,6
Cananga odorata,6
Tecomaria capensis,6
Euonymus japonica,6
Viburnum sieboldii,6
Abutilon striatum,6
Simarouba glauca,6
Adriana quadripartita,6
Eucalyptus saligna,6
Leptospermum J.,6
Acacia farnesiana,6
Ligustrum obtusifolium,6
Robinia viscosa,6
Banksia integrifolia,6
Sabal minor,6
Archontophoenix myolensis,6
Averrhoa carambola,6
Areca catechu,6
Sterculia foetida,5
Cestrum nocturnum,5
Thujopsis dolabrata,5
Calliandra tweedii,5
Ginkgo,5
Torreya californica,5
Caesalpinia spinosa,5
Prunus cistena,5
Quercus wislizenii,5
Griselinia lucida,5
Pittosporum arborescens,5
Salix integra,5
Syzygium,5
Acacia salicina,5
Livistona australis,5
Melia azederach,5
Styrax japonica,5
Crataegus michauxii,5
Callistemon speciosus,5
Fortunella japonica,5
Juniperus deppeana,5
Forestiera pubescens,5
Psydrax odorata,5
Crescentia cujete,5
Carnegiea gigantea,5
Abutilon hybridum,5
Tsuga tsuja,5
Pseudolarix amabilis,5
Osmanthus americanus,5
Pseudobombax ellipticum,5
Azadirachta indica,5
Myrospernum sousanum,5
Afrocarpus usambarensis,5
Tabebuia roseoalba,5
Rhamnus californica,5
Bauhinia lunarioides,5
Betula maximowicziana,5
Taxodium,5
Polyscias guilfoylei,5
Tamarix parviflora,5
Abies koreana,5
Acer pseudosieboldianum,5
Buxus,5
Viburnum dentatum,5
Acrocomia totai,5
Eriobotrya Lindl.,5
Citrus japonica,5
Dracaena indivisa,5
Chionanthus retusa,5
Yucca rostrata,5
Annona muricata,5
Acacia floribunda,5
Mimosa borealis,5
Eucalyptus macarthuri,4
x Hesperotropsis,4
Magnolia magnifolia,4
Escallonia bifida,4
Catalpa erubescens,4
Crinodendron patagua,4
Eucalyptus parvula,4
Casuarina L.,4
Euphorbia pulcherrima,4
Melaleuca lanceolata,4
Quercus comptoniae,4
Eucalyptus amygdalina,4
Spirea,4
Cedrela fissilis,4
Pinus leucodermis,4
Leucadendron,4
Washingtonia,4
Codiaeum,4
Pinus attenuata,4
Sesbania punicea,4
Sorbus domestica,4
Pterocarya stenoptera,4
Laguncularia racemosa,4
Carya Nutt.,4
Pinus koraiensis,4
Caryota maxima,4
Osmanthus heterophyllus,4
Lavatera thuringiaca,4
Alnus oregona,4
Salix lucida,4
Phellodendron chinense,4
Abies lasiocarpa,4
Magnolia figo,4
Callistemon salignus,4
Quercus rugosa,4
Manilkara zapota,4
Tsuga caroliniana,4
Tabernaemontana litoralis,4
Quercus oglethorpensis,4
Manilkara jaimiqui,4
Ixora coccinea,4
Caesalpinia ferrea,4
Phoenix paludosa,4
Rhododendron,4
Corynocarpus laevigata,4
Senna corymbosa,4
Bischofia javanica,4
Acer monspessulanum,4
Betula pubescens,4
Podocarpus neriifolius,4
Illicium floridanum,4
Calyptranthes pallens,4
Mahonia aquifolium,4
Camelia,4
Bauhinia hookeri,4
Petersianthus quadrialatus,4
Sterculia apetala,4
Photinia glabra,4
Salix torulosa,4
Quercus mongolica,4
Lilac,4
Maackia,4
Cinnamomum,3
Zanthoxylum,3
Zanthoxylum americanum,3
Sabal etonia,3
Cytisus canariensis,3
Nolina recurvata,3
Catalpa bungei,3
Quercus tomentella,3
Celtis bungeana,3
Olneya tesota,3
Quercus glauca,3
Elaeagnus pungens,3
Cercocarpus betuloides,3
Cercis yunnanensis,3
Dracaena americana,3
Ochna thomasiana,3
Yucca faxoniana,3
Cnidoscolus aconitifolius,3
Yucca filamentosa,3
Quercus myrsinifolia,3
Quercus myrtifolia,3
Abies magnifica,3
Quercus phillyraeoides,3
Ravenea,3
Myoporum Banks,3
Diospyros lotus,3
Quercus hypoleucoides,3
Cephalotaxus harringtonia,3
Cereus,3
Dimocarpus longan,3
Datura,3
Celtis chinensis,3
Cupressus funebris,3
Stangeria eriopus,3
Rhus integrifolia,3
Aloe arborescens,3
Strelitzia reginae,3
Forestiera neomexicana,3
Styrax grandifolius,3
Fraxinus oregona,3
Americana,3
Philadelphus,3
Gordonia lasianthus,3
Malus purpurea,3
Caesalpinia echinata,3
Amorpha fruticosa,3
Hamamelis ovalis,3
Handroanthus umbellatus,3
Magnolia foggii,3
Syzygium malaccense,3
Buddleja,3
Ligustrum quihoui,3
Magnolia hypoleuca,3
Tabebuia rosea,3
Hoheria populnea,3
Hura crepitans,3
Magnolia pyramidata,3
Ilex altaclerensis,3
Leucadendron argenteum,3
Berberis,3
Magnolia sargentiana,3
Acer platanoides 'Fairview',3
Annona squamosa,3
Araucaria angustifolia,3
Lagerstroemia limii,3
Pinus pungens,3
Pittosporum floribundum,3
Agathis robusta,3
Euonymus fortunei,3
Quercus austrina,3
Eucalyptus longifolia,3
Lycianthes rantonnei,3
Mespilus germanica,3
Eucalyptus pulchella,3
Luma apiculata,3
Sideroxylon salicifolium,3
Cassia surattensis,3
Caryota obtusa,3
Carya alba,3
Cartrema floridana,3
Carissa grandiflora,3
Caryota ochlandra,3
Eucalyptus deglupta,3
Agave,3
Euptelea pleiosperma,3
Prunus umbellata,3
Lonicera maackii,3
Castanea pumila,3
Ficus aurea,3
Ficus auriculata,3
Pinus cembroides,3
Acacia vestita,3
Macadamia tetraphylla,3
Acer tschonoskii,2
Ribes sanguineum,2
Angophora melanoxylon,2
Angophora,2
Vaccinium arboreum,2
Abies firma,2
Cochlospermum vitifolium,2
Agonis juniperina,2
Aloe,2
Cliftonia monophylla,2
Wisteria floribunda,2
Artocarpus heterophyllus,2
Rubus ursinus,2
Castanopsis sclerophylla,2
Acacia iteaphylla,2
Sinojackia rehderiana,2
Vitex negundo,2
Acacia pycnantha,2
Camptotheca acuminata,2
Camellia sinensis,2
Viburnum recognitum,2
Spiraea betulifolia,2
Spondias mombin,2
Cereus repandus,2
Camellia L.,2
Acer diabolicum,2
Calotropis gigantea,2
Callicarpa dichotoma,2
Chamaedorea elegans,2
Cactus,2
Syzygium jambos,2
Senna alata,2
Brugmansia suaveolens,2
Colvillea racemosa,2
Viburnum awabuki,2
Zanthoxylum piperitum,2
Taxodium huegelii,2
Tecoma capensis,2
Bauhinia aculeata,2
Vachellia choriophylla,2
Baccharis,2
Sabal bermudana,2
Brugmansia versicolor,2
Myrtus L.,2
Eucalyptus simmondsii,2
Melaleuca decora,2
Pinus peuce,2
Ficus maclellandii,2
Ficus heterophylla,2
Livistona decipiens,2
Pseudocydonia,2
Livistona rotundifolia,2
Lyonothamnus,2
Pterostyrax hispida,2
Lyonothamnus A.,2
Ptychosperma elegans,2
Pinus arizonica,2
Eucalyptus resinifera,2
Magnolia hybrid,2
Eucalyptus odorata,2
Magnolia salicifolia,2
Quercus arkansana,2
Magnolia sieboldii,2
Magnolia sprengeri,2
Eucalyptus gunnii,2
Eucalyptus crebra,2
Eucalyptus cordata,2
Physocarpus,2
Quercus faginea,2
Phormium,2
Malus coronaria,2
Ficus stricta,2
Lindera erythrocarpa,2
Lindera benzoin,2
Populus heterophylla,2
Plumeria pudica,2
Ilex meserveae,2
Japanese Meconematinae,2
Juglans glabra,2
Ilex koehneana,2
Juniperus conferta,2
Hypericum stragulum,2
Hypelate trifoliata,2
Populus caroliniana,2
Hibiscus arnottianus,2
Hesperocyparis,2
Pittosporum phillyreoides,2
Pinus sondereggeri,2
Koelreuteria,2
Hebe salicifolia,2
Pithecellobium flexicaule,2
Larix occidentalis,2
Pistacia,2
Grewia occidentalis,2
Grevillea banksii,2
Leucaena,2
Gardenia jasminoides,2
Fraxinus dipetala,2
Fouquieria splendens,2
Quercus glandulifera,2
Plumbago auriculata,2
Parthenocissus quinquefolia,2
Notholithocarpus densiflorus,2
Murraya exotica,2
Crataegus marshallii,2
Cunninghamia,2
Dracaena fragrans,2
Crataegus flava,2
Dombeya cayeuxii,2
Ochna serrulata,2
Persea,2
Nyssa sinensis,2
Meryta sinclairii,2
Cornus capitata,2
Cylindropuntia fulgida,2
Parmentiera cereifera,2
Metrosideros,2
Dioon spinulosum,2
Cornus canadensis,2
Musa ensete,2
Annona reticulata,1
Aralia chinensis,1
Aralia elata,1
Acer cissifolium,1
Toona sinensis,1
Pinus uncinata,1
Murraya,1
Lagunaria patersonia,1
Torreya nucifera,1
Leucaena esculenta,1
Toxicodendron radicans,1
Trachelospermum jasminoides,1
Mlaus scheideckeri,1
Opuntia ficus-indica,1
Angophora lanceolata,1
Angophora hispida,1
Opuntia humifusa,1
Osmanthus fortunei,1
Abutilon pictum,1
Lindera obtusiloba,1
Nyssa biflora,1
Pittosporum pentandrum,1
Murraya koenigii,1
Lagerstroemia subcostata,1
Platymiscium pinnatum,1
Illicium parviflorum,1
Bambusa vulgaris,1
Isolepis carinata,1
Itea virginica,1
Planera aquatica,1
Myrsine,1
Aucuba japonica,1
Neoblechnum brasiliense,1
Juniperus procumbens,1
Thunbergia,1
Neviusia alabamensis,1
Myrica,1
Athrotaxis laxifolia,1
Juniperus recurva,1
Nossa chinensis,1
Pittosporum resiniferum,1
Nothofagus procera,1
Zanthoxylum fagara,1
Aronia prunifolia,1
Kalopanax pictus,1
Amelanchier humilis,1
Arbor Schrder,1
Pinus quadrifolia,1
Xanthocyparis nootkatensis,1
Pinus pumila,1
Trithrinax,1
Picea koyamae,1
Passiflora lutea,1
Vitex agnus,1
Melliodendron xylocarpum,1
Acer tegmentosum,1
Acer rufinerve,1
Acer rubra,1
Unknown,1
Vaccinium,1
Acacia smallii,1
Magnolia veitchii,1
Melicoccus bijugatus,1
Mahonia bealei,1
Photinia serratifolia,1
Veitchia arecina,1
Mahonia fremontii,1
Mahonia japonica,1
Phormium tenax,1
Acer maximowiczianum,1
Melaleuca leucadendron,1
Malus communis,1
Acer mandshuricum,1
Viburnum rhytidophylloides,1
Acer henryi,1
Melaleuca decussata,1
Malus platycarpa,1
Persia,1
Vitex trifolia,1
Ternstroemia gymnanthera,1
Aesculus neglecta,1
Ailanthus altissimus,1
Litchi chinensis,1
Miscanthus sinensis,1
Persea palustris,1
Lithocarpus edulis,1
Lithocarpus glaber,1
Mimusops elengi,1
Alnus serrulata,1
Lithrea molleoides,1
Acacia armata,1
Alectryon excelsus,1
Albizia procera,1
Pinus montezumae,1
Michelia figo,1
Maackia chinensis,1
Pinus monophylla,1
PInus bungeana,1
Lonicera tatarica,1
Luehea divaricata,1
Agathis macrophylla,1
Agarista populifolia,1
Pinus engelmannii,1
Pandanus amaryllifolius,1
Metrosideros Banks,1
Acacia koaia,1
Lysiloma watsonii,1
African Crioceridae,1
Rhus hirta,1
Hyophorbe verschaffeltii,1
Bauhinia galpinii,1
Cedrella fissilis,1
Eleagnus pungens,1
Ceiba pentandra,1
Quercus glaucoides,1
Elaeis guineensis,1
Cephalanthus occidentalis,1
Sapindus marginatus,1
Quercus heterophylla,1
Cercidium,1
Ehretia acuminata,1
Echium candicans,1
Cercis racemosa,1
Dypsis,1
Duranta erecta,1
Quercus leucotrichophora,1
Quercus margarettae,1
Ceiba,1
Erica carnea,1
Ilex rotunda,1
Cecropia peltata,1
Eucalyptus intertexta,1
Sideroxylon lycioides,1
Quercus canbyi,1
Quercus castaneifolia,1
Sesbania grandiflora,1
Quercus chapmanii,1
Castanopsis cuspidata,1
Castanospermum australe,1
Escallonia virgata,1
Erythrina rubrinervia,1
Quercus emoryi,1
Erythrina poeppigiana,1
Erythrina abyssinica,1
Cathaya argyrophylla,1
Eriobotrya,1
Distylium racemosum,1
Quercus muhlenbergii,1
Diospyros nigra,1
Nandina,1
Citrus hystrix,1
Crataegus opaca,1
Rourea,1
Citrus maxima,1
Citrus tangelo,1
Cladastris kentukea,1
Cladrastis platycarpa,1
Red Sea,1
Clethra alnifolia,1
Cortaderia selloana,1
Rhapidophyllum hystrix,1
Cornus elliptica,1
Rhododendron austrinum,1
Rhododendron calendulaceum,1
Rhopalostylis sapida,1
Cryptocarya rubra,1
Quercus tomentosa,1
Citrus aurantiifolia,1
Chamaedorea seifrizii,1
Chaenomeles speciosa,1
Chamaedorea cataractarum,1
Deutzia gracilis,1
Quercus petraea,1
Daphne laureola,1
Quercus pumila,1
Chimonanthus nitens,1
Cunonia capensis,1
Quercus riparia,1
Quercus rysophylla,1
Quercus sargentii,1
Chrysolepis chrysophylla,1
Quercus similis,1
Cupressus goveniana,1
Quercus angustifolia,1
Quercus americana,1
Pyrus domestica,1
Callicarpa bodinieri,1
Hermosa,1
Bougainvillea spectabilis,1
Helieta parvifolia,1
Heliconia,1
Havardia mexicana,1
Potentilla fruticosa,1
Handroanthus impetiginosum,1
Hamamelis japonica,1
Prosopis juliflora,1
Gymnocladus chinensis,1
Gymnanthes lucida,1
Guazuma ulmifolia,1
Symplocos paniculata,1
Gliricidia sepium,1
Geijera,1
Bombax,1
Bixa orellana,1
Tabebuia pallida,1
Podocarpus elatus,1
Ilex pedunculosa,1
Taxus floridana,1
Ilex myrtifolia,1
Taxus chinensis,1
Beaucarnea stricta,1
Benjamina,1
Berberis julianae,1
Hibiscus mutabilis,1
Berberis thunbergii,1
Idesia polycarpa,1
Poliothyrsis sinensis,1
Polyscias fruticosa,1
Combretum imberbe,1
Hydrangea quercifolia,1
Callicarpa,1
Prunus communis,1
Eucalyptus woodwardii,1
Fothergilla major,1
Exothea paniculata,1
Campsis radicans,1
Pseudocydonia sinensis,1
Pseudopanax lessonii,1
Euphorbia ingens,1
Psidium,1
Euonymus americanus,1
Sorbus decora,1
Cartrema americana,1
Eugenia rhombea,1
Pterostyrax hispidus,1
Carya floridana,1
Carya myristiciformis,1
Caryota,1
Eugenia foetida,1
Falcataria moluccana,1
Spiraea cantoniensis,1
Spiraea thunbergii,1
Calycanthus floridus,1
Prunus incisa,1
Callitropsis nootkatensis,1
Calophyllum,1
Forestiera acuminata,1
Prunus maritima,1
Stewartia sinensis,1
Calycophyllum candidissimum,1
Fatsia japonica,1
Ficus virens,1
Ficus thonningii,1
Ficus rumphii,1
Ficus punctata,1
Ficus pseudopalma,1
Spondias dulcis,1
Quercus occidentalis,1